EventId,StartedAt,EndedAt,DurationMs,SessionId,MissionId,Stage,Action,Outcome,Classification,ExitCode,EvidencePath,FilesChanged,Notes,Error,Host
"bb0c123fd34b41b3815fdcb851414934","2026-09-14T19:13:20.884+03:00","2026-09-14T19:13:21.238+03:00","348","20260914-EXEC-TELEMETRY","AI-EXECUTION-TELEMETRY-20260914","VALIDATION","Validate execution telemetry and bootstrap summary","PASS","WORKFLOW","0","","AI_CONTROL_CENTER.md;Get-AIContext.ps1;AI_WORK_CYCLE.md;Invoke-AITrackedStep.ps1;Get-AIExecutionSummary.ps1;AI_EXECUTION_LOG.csv","","",
"dbb716c392c64cf2bc2e34cba7acd2c9","2026-09-14T19:20:53.006+03:00","2026-09-14T19:20:53.929+03:00","919","20260914-HIDE-CLOSE","REVO-HIDE-UNHIDE-20260912","CHECKPOINT","Commit accepted Hide Unhide product and browser evidence","PASS","PRODUCT","0","","ERPPrototype/Components/Pages/WorkOrdersRevoGridGate5C1.razor;ERPPrototype/Components/Pages/WorkOrdersRevoGridNativeGate5A.B12.cs;ERPPrototype/Components/Pages/WorkOrdersRevoGridNativeGate5A.razor.cs;ERPPrototype/Data/DepartmentColumnVisibilityService.cs;ERPPrototype/Data/WorkOrderQueryService.cs;ERPPrototype/Data/WorkOrderService.cs;ERPPrototype/wwwroot/js/revoGridColumnWorkspace.js;ERPPrototype/wwwroot/js/revoGridGate5B1.js;ERPPrototype/wwwroot/js/revoGridHeaderSelection.js;ERPPrototype/wwwroot/js/revoGridPersistenceProjection.js;ERPPrototype/wwwroot/js/revoGridRowStructure.js;ERPPrototype/wwwroot/js/revoGridStructureCommands.js;ERPPrototype/wwwroot/js/revoGridStructureMenu.js;ERPPrototype/wwwroot/js/revoGridVisibleAggregates.js;ERPPrototype/wwwroot/js/revoGridColumnVisibility.js;ERPPrototype/wwwroot/js/revoGridColumnVisibilityAdapter.js;ERPPrototype/ERPPrototype.E2ETests/Gate5C1VisibilityFocusedRunner.cs;ERPPrototype/ERPPrototype.E2ETests/Gate5B9StructureRunner.cs;ERPPrototype/ERPPrototype.E2ETests/Gate5B12RealDbSaveRunner.cs;ERPPrototype/ERPPrototype.E2ETests/Program.cs","","",
"07debdb169a042029932144e36733e34","2026-09-14T19:27:49.581+03:00","2026-09-14T19:27:49.611+03:00","23","20260914-HIDE-CLOSE","REVO-HIDE-UNHIDE-20260912","CLOSURE_DOCS","Previous inline closure-doc batch parser failure","FAIL","TOOLING","1","","","Nested PowerShell quoting failed before any file mutation.","Parser/quoting failure recorded retrospectively from immediately preceding attempt.",
"62f27545e11c4861ba3efe013b838afb","2026-09-14T19:27:49.724+03:00","2026-09-14T19:27:50.169+03:00","445","20260914-HIDE-CLOSE","REVO-HIDE-UNHIDE-20260912","CLOSURE_DOCS","Synchronize closure truth and mission metrics","PASS","WORKFLOW","0","","AI_CURRENT_STATE.md;AI_WORK_LOG.md;AI_WORK_METRICS.csv","","",
"8e9b4f35af4a4f6a82aff5ad6fce2457","2026-09-14T19:28:45.695+03:00","2026-09-14T19:28:47.728+03:00","2030","20260914-HIDE-CLOSE","AI-LEARNING-REVIEW-20260914","VALIDATION","Validate closure and review first five mission metrics","FAIL","WORKFLOW","1","ERPPrototype/Documentation/AI_WORK_METRICS.csv;ERPPrototype/Documentation/AI_EXECUTION_LOG.csv","","","bootstrap failed",
"e9b34ceef9634c7b8eade5086df22e48","2026-09-14T19:30:27.964+03:00","2026-09-14T19:30:28.058+03:00","92","20260914-HIDE-CLOSE","AI-EXECUTION-TELEMETRY-20260914","SCHEMA_FIX","Allow explicit NA for prospectively unavailable mission counters","FAIL","WORKFLOW","1","","Test-AIMemoryConsistency.ps1;AI_WORK_CYCLE.md","","metrics validation anchor missing",
"c9ac980c25f948aa9a30c7d04ff30b90","2026-09-14T19:31:55.484+03:00","2026-09-14T19:31:55.884+03:00","398","20260914-HIDE-CLOSE","AI-EXECUTION-TELEMETRY-20260914","SCHEMA_FIX","Allow explicit NA for unavailable historical counters","PASS","WORKFLOW","0","","Test-AIMemoryConsistency.ps1;AI_WORK_CYCLE.md","","",
"f5e897d092a8429cb69b9d62be07ce7b","2026-09-14T19:32:29.752+03:00","2026-09-14T19:32:31.230+03:00","1476","20260914-HIDE-CLOSE","AI-LEARNING-REVIEW-20260914","VALIDATION","Validate closure and compute five-mission learning totals","FAIL","WORKFLOW","1","ERPPrototype/Documentation/AI_WORK_METRICS.csv;ERPPrototype/Documentation/AI_EXECUTION_LOG.csv","","","bootstrap failed",
"e1b4b6a5c6e0464d9b86024da2ba7fdd","2026-09-14T19:34:42.080+03:00","2026-09-14T19:34:42.286+03:00","204","20260914-HIDE-CLOSE","AI-EXECUTION-TELEMETRY-20260914","ENCODING_FIX","Restore checker encoding and reapply NA rule","PASS","TOOLING","0","","Test-AIMemoryConsistency.ps1","","",
"48efae9661894113bc5e9c74f2688601","2026-09-14T19:35:28.145+03:00","2026-09-14T19:35:30.251+03:00","2106","20260914-HIDE-CLOSE","AI-LEARNING-REVIEW-20260914","VALIDATION","Revalidate closure after checker encoding repair","FAIL","WORKFLOW","1","ERPPrototype/Documentation/AI_WORK_METRICS.csv;ERPPrototype/Documentation/AI_EXECUTION_LOG.csv","","","diff check failed",
"a2ca00ff8dd041d59d38a21d6bc0191b","2026-09-14T19:37:46.163+03:00","2026-09-14T19:37:46.559+03:00","393","20260914-HIDE-CLOSE","AI-LEARNING-REVIEW-20260914","LEARNING_REVIEW","Record first five-mission review and next workflow experiment","PASS","WORKFLOW","0","","AI_WORK_LOG.md;AI_WORK_CYCLE.md","","",
"eaf1cabf07ba4cecb0076ddb5b725542","2026-09-14T19:38:24.760+03:00","2026-09-14T19:38:26.640+03:00","1883","20260914-HIDE-CLOSE","AI-EXECUTION-TELEMETRY-20260914","FINAL_VALIDATION","Validate workflow telemetry closure before local checkpoint","PASS","WORKFLOW","0","","","","",
"829b3a6f49914619b09e4cb6f19077cf","2026-09-14T19:42:12.571+03:00","2026-09-14T19:42:12.924+03:00","353","20260914-HIDE-CLOSE","AI-EXECUTION-TELEMETRY-20260914","ENCODING_FIX","Normalize Current State after closure text update","PASS","TOOLING","0","","AI_CURRENT_STATE.md","","",
"a1f97c73cd024174b0e001490678782d","2026-09-14T19:48:38.780+03:00","2026-09-14T19:48:39.251+03:00","472","20260914-WORKFLOW-CLOSE","AI-WORKFLOW-OPTIMIZATION-20260914","EDIT","Finish workflow closure metadata and learning-state messaging","PASS","WORKFLOW","0","","AI_CURRENT_STATE.md;AI_WORK_LOG.md;AI_CONTROL_CENTER.md;Get-AIContext.ps1","","",
"a4cf6e838cd64aa3ad10ba1978e8ee6e","2026-09-14T19:50:15.958+03:00","2026-09-14T19:50:16.450+03:00","489","20260914-WORKFLOW-CLOSE","AI-WORKFLOW-OPTIMIZATION-20260914","EDIT","Finish workflow closure metadata and learning messaging","PASS","WORKFLOW","0","","AI_WORK_LOG.md;AI_CONTROL_CENTER.md;Get-AIContext.ps1","","",
"a3635086a42a44598532e352602207af","2026-09-14T19:52:00.135+03:00","2026-09-14T19:52:00.591+03:00","461","20260914-WORKFLOW-CLOSE","AI-WORKFLOW-OPTIMIZATION-20260914","EDIT","Finish workflow closure metadata and learning messaging","PASS","WORKFLOW","0","","AI_WORK_LOG.md;AI_CONTROL_CENTER.md;Get-AIContext.ps1","","",
"99b3152f109c4b4795ce022b1269b2f3","2026-09-14T19:52:35.617+03:00","2026-09-14T19:52:38.098+03:00","2477","20260914-WORKFLOW-CLOSE","AI-WORKFLOW-OPTIMIZATION-20260914","VALIDATION","Validate workflow telemetry memory and bootstrap before checkpoint","PASS","WORKFLOW","0","ERPPrototype/Documentation/AI_EXECUTION_LOG.csv","","","",
"e563363cbae042e385c5b79f20fb4ff1","2026-09-14T19:53:15.743+03:00","2026-09-14T19:53:15.831+03:00","93","20260914-WORKFLOW-CLOSE","AI-WORKFLOW-OPTIMIZATION-20260914","CHECKPOINT","Prepare accepted workflow telemetry checkpoint","PASS","WORKFLOW","0","","AGENTS.md;AI_CONTROL_CENTER.md;AI_CURRENT_STATE.md;AI_LIVE_MEMORY_PROTOCOL.md;AI_WORK_CYCLE.md;AI_WORK_LOG.md;AI_WORK_METRICS.csv;Test-AIMemoryConsistency.ps1;AI_EXECUTION_LOG.csv;Get-AIContext.ps1;Get-AIExecutionSummary.ps1;Invoke-AITrackedStep.ps1","","",
"7c25da9148ed46b287fccb0f6656e68b","2026-09-14T19:58:59.574+03:00","2026-09-14T19:59:00.000+03:00","424","20260914-PREFLIGHT","AI-WORKFLOW-OPTIMIZATION-20260914","EDIT","Add lightweight regression harness freshness preflight and visibility focused protection","PASS","TEST/HARNESS","0","","Run-ERP-Full-Regression.ps1","","",
"b860b874cefc4cd0a55c6c00535f6b4e","2026-09-14T20:01:11.620+03:00","2026-09-14T20:01:11.970+03:00","344","20260914-PREFLIGHT","AI-WORKFLOW-OPTIMIZATION-20260914","EDIT","Fix regression preflight patch formatting before execution","PASS","TEST/HARNESS","0","","Run-ERP-Full-Regression.ps1","","",
"3a24ddb18d754a2691f5d5a9ecffb142","2026-09-14T20:01:42.325+03:00","2026-09-14T20:01:42.890+03:00","568","20260914-PREFLIGHT","AI-WORKFLOW-OPTIMIZATION-20260914","PREFLIGHT","Run lightweight harness freshness preflight","PASS","TEST/HARNESS","0","Run-ERP-Full-Regression.ps1 -PreflightOnly","","","",
"82867c1cc4f946a3b5b4e5c2fbc28c2e","2026-09-14T20:02:27.960+03:00","2026-09-14T20:02:47.582+03:00","19616","20260914-PREFLIGHT","AI-WORKFLOW-OPTIMIZATION-20260914","BUILD","Validate E2E build freshness check used by full regression","PASS","TEST/HARNESS","0","ERPPrototype.E2ETests build output","","","",
"6473b0396bc84f389c1a7c98978eef43","2026-09-14T20:05:07.069+03:00","2026-09-14T20:05:07.399+03:00","328","20260914-PREFLIGHT","AI-WORKFLOW-OPTIMIZATION-20260914","DOCS","Record regression preflight experiment receipt","PASS","WORKFLOW","0","","AI_WORK_LOG.md","","",
"40db3e28dc634f12932648f8e062e37e","2026-09-14T20:05:35.700+03:00","2026-09-14T20:05:37.070+03:00","1369","20260914-PREFLIGHT","AI-WORKFLOW-OPTIMIZATION-20260914","VALIDATION","Final validate regression preflight experiment before checkpoint","PASS","WORKFLOW","0","Run-ERP-Full-Regression.ps1 -PreflightOnly","","","",
"2b8fa1a948624636a9ea08b26f234d86","2026-09-14T20:14:19.361+03:00","2026-09-14T20:14:19.628+03:00","262","20260914-PREFLIGHT-IMPROVEMENT","AI-HARNESS-PREFLIGHT-20260914","CHECK","Verify whether preflight improvement checkpoint completed after tool timeout","PASS","WORKFLOW","0","git status/log/diff","","Read-only Git truth check before telemetry append","",
"939dc3def53f47689260a2f3a6e250db","2026-09-14T20:15:00.247+03:00","2026-09-14T20:15:01.490+03:00","1240","20260914-PREFLIGHT-IMPROVEMENT","AI-HARNESS-PREFLIGHT-20260914","CHECKPOINT","Validate and checkpoint harness preflight experiment","PASS","WORKFLOW","0","memory checker + PreflightOnly + git diff --check","Run-ERP-Full-Regression.ps1;AI_WORK_LOG.md;AI_EXECUTION_LOG.csv","No Product change","",
"f88eedfb053948a48dea9edf853a1ff0","2026-09-14T20:23:23.700+03:00","2026-09-14T20:23:23.781+03:00","74","20260914-ARCH-RED-TEAM","ARCH-RED-TEAM-20260914","REVIEW","Complete independent architecture red-team review","PASS","REVIEW","0","","","Read-only review from zero. Device evidence batches: bootstrap+inventory 2031ms; server/db/save/auth 442ms; route/grid/js/cdn/seeder 2167ms; navigation/gate-debt 236ms. Findings classified before any Product change.","",
